id_venda,data_venda,hora_venda,id_cliente,id_produto,quantidade,valor_unitario,valor_total
1,2023-01-01,11:31,428124,8,3,6.5,19.5
2,2023-01-01,12:40,279473,36,1,4.5,4.5
3,2023-01-01,13:26,891912,31,2,10.9,21.8
4,2023-01-01,08:40,671022,22,6,8.9,53.4
5,2023-01-01,08:25,937598,4,8,7.5,60.0
6,2023-01-01,10:44,988776,4,6,7.5,45.0
7,2023-01-01,10:29,118959,2,24,3.59,86.16
8,2023-01-01,10:37,446853,34,2,14.0,28.0
9,2023-01-01,13:05,727968,22,6,8.9,53.4
10,2023-01-01,11:40,79062,31,3,10.9,32.7
11,2023-01-01,10:54,260696,1,12,3.49,41.88
12,2023-01-01,12:25,394853,37,1,12.9,12.9
13,2023-01-01,11:52,242034,33,1,8.9,8.9
14,2023-01-01,10:20,738802,4,4,7.5,30.0
15,2023-01-01,10:35,794357,4,8,7.5,60.0
16,2023-01-01,12:54,966009,4,6,7.5,45.0
17,2023-01-01,10:57,386746,6,6,4.5,27.0
18,2023-01-01,08:02,186049,18,3,14.99,44.97
19,2023-01-01,13:50,143294,13,1,19.99,19.99
20,2023-01-01,08:07,79062,6,8,4.5,36.0
21,2023-01-01,11:29,85916,23,1,9.9,9.9
22,2023-01-01,11:12,840480,3,6,3.39,20.34
23,2023-01-01,09:56,941751,6,12,4.5,54.0
24,2023-01-01,10:10,77333,8,3,6.5,19.5
25,2023-01-01,08:41,856046,14,2,16.99,33.98
26,2023-01-01,10:05,768019,32,2,3.0,6.0
27,2023-01-01,13:10,548351,4,6,7.5,45.0
28,2023-01-01,11:40,475111,17,1,29.99,29.99
29,2023-01-01,13:48,959732,22,6,8.9,53.4
30,2023-01-01,13:05,565509,2,6,3.59,21.54
31,2023-01-01,08:00,876566,23,3,9.9,29.7
32,2023-01-01,08:08,816749,4,4,7.5,30.0
33,2023-01-01,12:43,279692,2,12,3.59,43.08
34,2023-01-01,08:00,671022,36,2,4.5,9.0
35,2023-01-01,10:52,478091,37,3,12.9,38.7
36,2023-01-01,11:44,260316,32,1,3.0,3.0
37,2023-01-01,08:14,836258,6,4,4.5,18.0
38,2023-01-01,13:51,359057,3,6,3.39,20.34
39,2023-01-01,08:20,257309,30,1,14.9,14.9
40,2023-01-01,10:08,662215,13,2,19.99,39.98
41,2023-01-01,09:41,207661,3,6,3.39,20.34
42,2023-01-01,09:04,706242,16,3,15.99,47.97
43,2023-01-01,08:39,308137,1,12,3.49,41.88
44,2023-01-01,09:28,948473,35,3,22.0,66.0
45,2023-01-01,09:40,417426,5,6,5.29,31.74
46,2023-01-01,09:58,691593,26,3,17.9,53.7
47,2023-01-01,13:28,370903,6,6,4.5,27.0
48,2023-01-01,08:57,870085,18,1,14.99,14.99
49,2023-01-01,09:48,35885,20,1,24.0,24.0
50,2023-01-01,13:24,382003,4,4,7.5,30.0
51,2023-01-01,11:20,415487,37,2,12.9,25.8
52,2023-01-01,09:17,891799,32,1,3.0,3.0
53,2023-01-01,08:15,202312,36,3,4.5,13.5
54,2023-01-01,12:38,383450,34,3,14.0,42.0
55,2023-01-01,10:49,505595,22,15,8.9,133.5
56,2023-01-01,08:54,895940,35,3,22.0,66.0
57,2023-01-01,10:13,955880,2,15,3.59,53.85
58,2023-01-01,12:12,410191,4,6,7.5,45.0
59,2023-01-01,10:41,62976,2,15,3.59,53.85
60,2023-01-01,09:31,943722,6,4,4.5,18.0
61,2023-01-01,08:15,708074,9,2,22.9,45.8
62,2023-01-01,12:04,219205,6,6,4.5,27.0
63,2023-01-01,08:23,472908,33,3,8.9,26.7
64,2023-01-01,09:24,605640,7,2,5.9,11.8
65,2023-01-01,12:26,907730,6,8,4.5,36.0
66,2023-01-01,12:43,623155,19,2,45.9,91.8
67,2023-01-01,11:49,172408,3,6,3.39,20.34
68,2023-01-01,08:37,910195,32,1,3.0,3.0
69,2023-01-01,10:13,556164,2,6,3.59,21.54
70,2023-01-01,08:50,855216,37,1,12.9,12.9
71,2023-01-01,12:18,221257,32,2,3.0,6.0
72,2023-01-01,12:49,618887,4,6,7.5,45.0
73,2023-01-01,13:25,328192,1,12,3.49,41.88
74,2023-01-01,13:34,959732,33,1,8.9,8.9
75,2023-01-01,12:09,262651,31,3,10.9,32.7
76,2023-01-01,08:19,101784,31,2,10.9,21.8
77,2023-01-02,11:34,635996,6,12,4.5,54.0
78,2023-01-02,18:40,870085,1,6,3.49,20.94
79,2023-01-02,19:41,705875,23,3,9.9,29.7
80,2023-01-02,13:44,467935,16,1,15.99,15.99
81,2023-01-02,12:03,496159,2,12,3.59,43.08
82,2023-01-02,15:07,519829,6,4,4.5,18.0
83,2023-01-02,18:38,87382,35,2,22.0,44.0
84,2023-01-02,19:47,846331,5,4,5.29,21.16
85,2023-01-02,11:07,317970,3,12,3.39,40.68
86,2023-01-02,11:44,987324,16,1,15.99,15.99
87,2023-01-02,11:31,910823,37,1,12.9,12.9
88,2023-01-02,17:33,924475,5,12,5.29,63.48
89,2023-01-02,13:10,726431,27,3,169.9,509.7
90,2023-01-02,11:47,549249,31,2,10.9,21.8
91,2023-01-02,13:46,243904,5,8,5.29,42.32
92,2023-01-02,09:21,174174,31,1,10.9,10.9
93,2023-01-02,13:33,647504,8,2,6.5,13.0
94,2023-01-02,13:45,239025,23,1,9.9,9.9
95,2023-01-02,19:04,355591,23,3,9.9,29.7
96,2023-01-02,16:32,398197,18,2,14.99,29.98
97,2023-01-02,16:54,359057,2,6,3.59,21.54
98,2023-01-02,11:23,444451,33,3,8.9,26.7
99,2023-01-02,10:57,138272,6,4,4.5,18.0
100,2023-01-02,10:14,425373,4,6,7.5,45.0
101,2023-01-02,09:02,17987,1,15,3.49,52.35
102,2023-01-02,09:15,175284,22,15,8.9,133.5
103,2023-01-02,16:23,344492,29,1,89.9,89.9
104,2023-01-02,11:11,359,1,6,3.49,20.94
105,2023-01-02,17:51,409735,17,1,29.99,29.99
106,2023-01-02,19:26,83336,5,12,5.29,63.48
107,2023-01-02,14:15,530535,24,1,37.99,37.99
108,2023-01-02,14:17,912428,4,6,7.5,45.0
109,2023-01-03,10:32,124074,4,6,7.5,45.0
110,2023-01-03,09:11,371054,34,3,14.0,42.0
111,2023-01-03,17:02,681676,23,1,9.9,9.9
112,2023-01-03,10:56,738802,1,24,3.49,83.76
113,2023-01-03,13:49,955880,3,12,3.39,40.68
114,2023-01-03,14:05,482977,26,2,17.9,35.8
115,2023-01-03,09:23,427185,1,12,3.49,41.88
116,2023-01-03,18:50,626979,4,4,7.5,30.0
117,2023-01-03,18:15,103896,20,2,24.0,48.0
118,2023-01-03,14:37,155202,30,2,14.9,29.8
119,2023-01-03,12:46,56964,24,2,37.99,75.98
120,2023-01-03,12:09,11583,5,12,5.29,63.48
121,2023-01-03,15:01,115380,31,1,10.9,10.9
122,2023-01-03,14:40,209159,5,4,5.29,21.16
123,2023-01-03,09:21,807918,6,8,4.5,36.0
124,2023-01-03,19:24,79574,31,1,10.9,10.9
125,2023-01-03,13:06,649466,24,3,37.99,113.97
126,2023-01-03,17:15,163306,33,1,8.9,8.9
127,2023-01-03,16:03,588678,25,2,24.9,49.8
128,2023-01-03,11:45,27939,22,24,8.9,213.6
129,2023-01-03,09:58,416798,2,6,3.59,21.54
130,2023-01-03,17:26,865200,8,1,6.5,6.5
131,2023-01-03,14:29,408654,5,8,5.29,42.32
132,2023-01-03,10:37,990661,5,12,5.29,63.48
133,2023-01-03,17:08,794357,37,1,12.9,12.9
134,2023-01-03,15:04,434152,10,3,5.99,17.97
135,2023-01-03,18:03,25401,34,3,14.0,42.0
136,2023-01-03,19:08,558453,23,2,9.9,19.8
137,2023-01-03,13:16,208334,32,1,3.0,3.0
138,2023-01-03,15:44,170948,16,2,15.99,31.98
139,2023-01-03,14:20,700224,22,15,8.9,133.5
140,2023-01-03,13:14,738552,16,2,15.99,31.98
141,2023-01-03,12:08,46266,4,4,7.5,30.0
142,2023-01-03,10:09,308545,31,3,10.9,32.7
143,2023-01-03,16:29,243060,6,4,4.5,18.0
144,2023-01-03,10:34,578399,1,6,3.49,20.94
145,2023-01-03,12:28,809076,24,2,37.99,75.98
146,2023-01-03,13:54,447314,4,6,7.5,45.0
147,2023-01-04,19:19,524977,35,1,22.0,22.0
148,2023-01-04,18:02,179420,17,3,29.99,89.97
149,2023-01-04,14:09,111914,16,1,15.99,15.99
150,2023-01-04,12:22,138272,32,1,3.0,3.0
151,2023-01-04,17:03,760180,24,2,37.99,75.98
152,2023-01-04,13:16,733247,31,3,10.9,32.7
153,2023-01-04,09:25,94632,32,1,3.0,3.0
154,2023-01-04,17:47,412502,34,2,14.0,28.0
155,2023-01-04,12:06,148548,7,3,5.9,17.7
156,2023-01-04,10:51,670105,8,2,6.5,13.0
157,2023-01-04,10:00,164618,2,15,3.59,53.85
158,2023-01-04,12:08,480854,22,6,8.9,53.4
159,2023-01-04,15:23,668891,1,6,3.49,20.94
160,2023-01-04,19:41,221257,15,3,4.99,14.97
161,2023-01-04,18:37,133730,19,1,45.9,45.9
162,2023-01-04,10:01,44935,6,4,4.5,18.0
163,2023-01-04,12:57,689922,22,24,8.9,213.6
164,2023-01-04,11:05,456243,1,12,3.49,41.88
165,2023-01-04,14:07,148548,1,24,3.49,83.76
166,2023-01-04,16:03,802328,33,1,8.9,8.9
167,2023-01-04,18:27,674734,8,1,6.5,6.5
168,2023-01-04,15:31,701442,3,15,3.39,50.85
169,2023-01-04,15:43,935739,18,1,14.99,14.99
170,2023-01-04,11:22,780009,32,2,3.0,6.0
171,2023-01-04,11:17,24906,5,4,5.29,21.16
172,2023-01-04,16:56,848450,23,2,9.9,19.8
173,2023-01-04,18:39,433843,2,6,3.59,21.54
174,2023-01-04,19:18,708094,2,12,3.59,43.08
175,2023-01-04,15:56,814320,18,2,14.99,29.98
176,2023-01-04,16:03,389439,18,3,14.99,44.97
177,2023-01-04,13:24,449068,24,1,37.99,37.99
178,2023-01-04,15:12,801280,31,1,10.9,10.9
179,2023-01-04,17:15,17779,37,3,12.9,38.7
180,2023-01-05,09:24,331777,4,8,7.5,60.0
181,2023-01-05,14:30,144243,3,15,3.39,50.85
182,2023-01-05,16:22,594223,7,3,5.9,17.7
183,2023-01-05,17:20,621109,2,24,3.59,86.16
184,2023-01-05,11:01,783300,2,6,3.59,21.54
185,2023-01-05,12:01,163426,6,6,4.5,27.0
186,2023-01-05,09:51,443473,37,2,12.9,25.8
187,2023-01-05,17:22,221181,4,12,7.5,90.0
188,2023-01-05,12:10,692509,1,15,3.49,52.35
189,2023-01-05,12:42,514416,32,1,3.0,3.0
190,2023-01-05,13:34,465455,32,1,3.0,3.0
191,2023-01-05,09:48,895296,7,3,5.9,17.7
192,2023-01-05,18:54,393049,15,1,4.99,4.99
193,2023-01-05,14:59,893473,24,2,37.99,75.98
194,2023-01-05,11:11,250067,2,15,3.59,53.85
195,2023-01-05,18:20,127903,36,1,4.5,4.5
196,2023-01-05,14:58,105797,34,3,14.0,42.0
197,2023-01-05,14:36,909313,5,6,5.29,31.74
198,2023-01-05,18:12,84643,1,12,3.49,41.88
199,2023-01-05,17:19,619221,36,2,4.5,9.0
200,2023-01-05,16:02,891546,16,1,15.99,15.99
201,2023-01-05,09:14,60231,18,1,14.99,14.99
202,2023-01-05,12:01,970457,30,3,14.9,44.7
203,2023-01-05,16:00,257848,23,3,9.9,29.7
204,2023-01-05,18:12,395400,36,2,4.5,9.0
205,2023-01-05,14:45,442166,36,1,4.5,4.5
206,2023-01-05,14:03,905154,34,1,14.0,14.0
207,2023-01-05,11:37,144360,24,1,37.99,37.99
208,2023-01-05,11:49,920782,32,3,3.0,9.0
209,2023-01-05,17:55,983714,29,1,89.9,89.9
210,2023-01-05,10:23,406728,22,6,8.9,53.4
211,2023-01-05,19:25,689738,3,15,3.39,50.85
212,2023-01-05,10:21,596092,32,3,3.0,9.0
213,2023-01-05,14:08,477052,33,2,8.9,17.8
214,2023-01-05,15:50,598076,23,1,9.9,9.9
215,2023-01-05,16:41,507762,33,3,8.9,26.7
216,2023-01-06,17:44,596337,16,3,15.99,47.97
217,2023-01-06,14:14,683592,9,3,22.9,68.7
218,2023-01-06,11:24,478482,6,6,4.5,27.0
219,2023-01-06,13:08,490061,3,6,3.39,20.34
220,2023-01-06,09:44,722460,2,6,3.59,21.54
221,2023-01-06,15:54,661762,37,3,12.9,38.7
222,2023-01-06,09:11,780080,33,3,8.9,26.7
223,2023-01-06,14:58,755111,7,3,5.9,17.7
224,2023-01-06,12:40,854008,36,3,4.5,13.5
225,2023-01-06,10:59,445853,29,3,89.9,269.7
226,2023-01-06,11:21,328429,15,2,4.99,9.98
227,2023-01-06,10:15,393246,16,3,15.99,47.97
228,2023-01-06,14:10,685073,2,6,3.59,21.54
229,2023-01-06,10:52,438446,2,12,3.59,43.08
230,2023-01-06,19:46,376149,22,15,8.9,133.5
231,2023-01-06,16:00,894762,20,2,24.0,48.0
232,2023-01-06,12:44,121500,5,4,5.29,21.16
233,2023-01-06,14:16,412502,36,1,4.5,4.5
234,2023-01-06,09:03,927569,32,1,3.0,3.0
235,2023-01-06,15:10,542404,3,6,3.39,20.34
236,2023-01-06,16:56,8440,36,2,4.5,9.0
237,2023-01-06,14:34,722858,37,2,12.9,25.8
238,2023-01-06,10:53,410339,38,2,7.9,15.8
239,2023-01-06,18:41,768019,2,12,3.59,43.08
240,2023-01-06,12:10,444151,31,3,10.9,32.7
241,2023-01-06,10:51,885447,20,2,24.0,48.0
242,2023-01-06,13:01,587638,31,1,10.9,10.9
243,2023-01-06,13:06,443473,37,2,12.9,25.8
244,2023-01-06,14:10,124074,30,1,14.9,14.9
245,2023-01-06,11:46,148548,33,2,8.9,17.8
246,2023-01-06,17:57,246429,34,1,14.0,14.0
247,2023-01-06,14:38,403572,33,1,8.9,8.9
248,2023-01-06,16:45,940054,12,3,9.99,29.97
249,2023-01-06,19:10,164660,5,4,5.29,21.16
250,2023-01-07,10:03,410339,24,2,37.99,75.98
251,2023-01-07,13:13,519071,31,1,10.9,10.9
252,2023-01-07,14:44,908678,22,24,8.9,213.6
253,2023-01-07,19:59,598076,37,3,12.9,38.7
254,2023-01-07,16:16,842942,8,3,6.5,19.5
255,2023-01-07,12:15,730264,6,6,4.5,27.0
256,2023-01-07,08:25,413741,34,1,14.0,14.0
257,2023-01-07,15:09,476849,5,6,5.29,31.74
258,2023-01-07,13:00,425335,37,1,12.9,12.9
259,2023-01-07,12:52,349975,1,12,3.49,41.88
260,2023-01-07,18:38,16350,37,3,12.9,38.7
261,2023-01-07,09:01,397542,1,12,3.49,41.88
262,2023-01-07,10:40,979055,34,1,14.0,14.0
263,2023-01-07,09:30,11748,18,2,14.99,29.98
264,2023-01-07,12:50,760939,38,1,7.9,7.9
265,2023-01-07,15:57,824357,2,6,3.59,21.54
266,2023-01-07,12:05,518391,21,3,21.0,63.0
267,2023-01-07,16:24,686587,37,3,12.9,38.7
268,2023-01-07,13:56,453000,18,1,14.99,14.99
269,2023-01-07,13:11,998817,23,2,9.9,19.8
270,2023-01-07,08:16,568573,30,2,14.9,29.8
271,2023-01-07,15:16,475712,14,2,16.99,33.98
272,2023-01-07,12:36,26648,23,1,9.9,9.9
273,2023-01-07,20:44,850775,22,6,8.9,53.4
274,2023-01-07,09:05,628848,35,3,22.0,66.0
275,2023-01-07,20:34,975789,2,12,3.59,43.08
276,2023-01-07,20:37,87781,6,6,4.5,27.0
277,2023-01-07,16:03,122346,36,1,4.5,4.5
278,2023-01-07,16:26,688627,34,2,14.0,28.0
279,2023-01-07,18:55,306900,14,3,16.99,50.97
280,2023-01-07,17:56,380816,23,2,9.9,19.8
281,2023-01-07,12:05,906304,6,4,4.5,18.0
282,2023-01-07,19:02,433330,4,6,7.5,45.0
283,2023-01-07,17:57,651966,15,3,4.99,14.97
284,2023-01-07,20:36,220018,7,3,5.9,17.7
285,2023-01-07,17:09,143134,22,12,8.9,106.8
286,2023-01-07,20:28,163426,2,6,3.59,21.54
287,2023-01-07,10:13,923960,37,1,12.9,12.9
288,2023-01-07,10:02,431690,37,1,12.9,12.9
289,2023-01-07,09:43,794068,31,2,10.9,21.8
290,2023-01-07,11:52,968001,18,2,14.99,29.98
291,2023-01-07,17:16,328930,6,6,4.5,27.0
292,2023-01-07,19:58,48045,33,2,8.9,17.8
293,2023-01-07,09:24,714248,30,1,14.9,14.9
294,2023-01-07,16:20,659176,4,6,7.5,45.0
295,2023-01-07,16:29,925573,35,2,22.0,44.0
296,2023-01-07,20:44,100548,33,1,8.9,8.9
297,2023-01-07,17:33,283201,36,3,4.5,13.5
298,2023-01-07,09:26,167414,31,2,10.9,21.8
299,2023-01-07,10:36,321218,23,1,9.9,9.9
300,2023-01-07,17:48,169172,11,3,10.99,32.97
301,2023-01-07,09:36,77449,36,1,4.5,4.5
302,2023-01-07,20:18,464498,34,1,14.0,14.0
303,2023-01-07,13:56,846965,2,15,3.59,53.85
304,2023-01-07,14:41,713213,1,12,3.49,41.88
305,2023-01-07,17:38,262081,8,2,6.5,13.0
306,2023-01-07,08:11,385191,32,2,3.0,6.0
307,2023-01-07,14:09,235388,38,2,7.9,15.8
308,2023-01-07,18:44,809889,4,6,7.5,45.0
309,2023-01-07,14:56,636613,22,12,8.9,106.8
310,2023-01-07,19:15,833175,9,2,22.9,45.8
311,2023-01-07,19:30,258064,37,1,12.9,12.9
312,2023-01-07,13:01,991671,33,2,8.9,17.8
313,2023-01-07,20:19,316604,33,2,8.9,17.8
314,2023-01-07,12:53,935739,15,2,4.99,9.98
315,2023-01-07,19:43,412502,11,2,10.99,21.98
316,2023-01-07,11:08,52384,6,4,4.5,18.0
317,2023-01-07,19:28,646447,2,6,3.59,21.54
318,2023-01-07,12:46,420106,34,2,14.0,28.0
319,2023-01-07,17:41,661820,32,2,3.0,6.0
320,2023-01-07,11:28,595053,38,1,7.9,7.9
321,2023-01-07,14:47,472161,38,1,7.9,7.9
322,2023-01-07,20:33,706150,21,2,21.0,42.0
323,2023-01-07,08:32,161652,32,2,3.0,6.0
324,2023-01-07,09:19,531302,36,1,4.5,4.5
325,2023-01-07,16:25,86686,33,3,8.9,26.7
326,2023-01-07,16:56,21783,5,4,5.29,21.16
327,2023-01-07,08:11,83547,14,3,16.99,50.97
328,2023-01-07,11:53,670125,3,6,3.39,20.34
329,2023-01-07,11:02,32663,36,1,4.5,4.5
330,2023-01-07,08:58,589343,23,2,9.9,19.8
331,2023-01-07,11:17,441308,5,6,5.29,31.74
332,2023-01-07,15:32,328933,27,2,169.9,339.8
333,2023-01-07,18:59,604349,23,2,9.9,19.8
334,2023-01-07,18:01,512696,8,1,6.5,6.5
335,2023-01-07,15:38,33659,3,6,3.39,20.34
336,2023-01-07,10:55,705200,27,2,169.9,339.8
337,2023-01-07,17:35,611214,18,2,14.99,29.98
338,2023-01-07,13:10,373470,32,2,3.0,6.0
339,2023-01-07,19:53,535231,18,2,14.99,29.98
340,2023-01-07,09:18,556843,34,3,14.0,42.0
341,2023-01-07,14:03,331777,20,1,24.0,24.0
342,2023-01-07,17:49,853232,21,1,21.0,21.0
343,2023-01-07,11:41,302692,34,1,14.0,14.0
344,2023-01-07,18:13,948185,10,1,5.99,5.99
345,2023-01-07,14:32,101784,3,6,3.39,20.34
346,2023-01-07,20:49,557734,1,6,3.49,20.94
347,2023-01-07,08:30,596842,31,3,10.9,32.7
348,2023-01-07,18:11,911820,23,1,9.9,9.9
349,2023-01-07,20:00,382003,31,3,10.9,32.7
350,2023-01-07,17:51,293768,5,4,5.29,21.16
351,2023-01-07,19:45,959703,3,24,3.39,81.36
352,2023-01-07,14:57,395295,1,12,3.49,41.88
353,2023-01-07,13:29,236633,7,2,5.9,11.8
354,2023-01-07,15:19,519829,22,6,8.9,53.4
355,2023-01-07,16:52,708,9,3,22.9,68.7
356,2023-01-07,14:37,800957,13,3,19.99,59.97
357,2023-01-07,08:32,819898,35,1,22.0,22.0
358,2023-01-07,13:35,923960,7,3,5.9,17.7
359,2023-01-07,17:38,966009,17,3,29.99,89.97
360,2023-01-07,12:43,455161,32,2,3.0,6.0
361,2023-01-07,15:04,521852,10,1,5.99,5.99
362,2023-01-07,12:40,129648,23,2,9.9,19.8
363,2023-01-07,12:16,596092,34,2,14.0,28.0
364,2023-01-07,19:57,496846,36,3,4.5,13.5
365,2023-01-07,11:09,877418,3,12,3.39,40.68
366,2023-01-07,20:15,108919,36,3,4.5,13.5
367,2023-01-07,20:54,579826,16,1,15.99,15.99
368,2023-01-07,17:25,837995,5,8,5.29,42.32
369,2023-01-07,13:43,94477,14,3,16.99,50.97
370,2023-01-07,19:01,356871,37,1,12.9,12.9
371,2023-01-07,15:18,417479,16,3,15.99,47.97
372,2023-01-07,14:25,145131,6,4,4.5,18.0
373,2023-01-07,19:02,651107,23,2,9.9,19.8
374,2023-01-07,17:52,296080,5,6,5.29,31.74
375,2023-01-07,19:45,683888,2,6,3.59,21.54
376,2023-01-07,16:40,639374,3,6,3.39,20.34
377,2023-01-07,18:22,813892,3,15,3.39,50.85
378,2023-01-07,10:53,446853,4,6,7.5,45.0
379,2023-01-07,16:11,567855,3,12,3.39,40.68
380,2023-01-07,09:30,827524,24,2,37.99,75.98
381,2023-01-07,12:46,332386,4,4,7.5,30.0
382,2023-01-07,20:58,917215,7,3,5.9,17.7
383,2023-01-07,18:57,60022,34,1,14.0,14.0
384,2023-01-07,18:05,346290,15,2,4.99,9.98
385,2023-01-07,13:14,368883,26,1,17.9,17.9
386,2023-01-07,12:26,11583,4,8,7.5,60.0
387,2023-01-07,13:23,425335,4,8,7.5,60.0
388,2023-01-07,12:29,769575,1,6,3.49,20.94
389,2023-01-07,15:03,79062,4,8,7.5,60.0
390,2023-01-07,17:37,887874,6,8,4.5,36.0
391,2023-01-07,09:30,316509,4,12,7.5,90.0
392,2023-01-07,16:07,680208,2,15,3.59,53.85
393,2023-01-07,14:33,571671,3,15,3.39,50.85
394,2023-01-07,14:03,999072,14,2,16.99,33.98
395,2023-01-07,10:08,347142,4,8,7.5,60.0
396,2023-01-07,13:26,931826,8,1,6.5,6.5
397,2023-01-07,15:09,4359,16,3,15.99,47.97
398,2023-01-07,19:11,417749,30,2,14.9,29.8
399,2023-01-07,15:21,903326,1,15,3.49,52.35
400,2023-01-07,10:20,632677,32,3,3.0,9.0
401,2023-01-07,08:00,306900,23,3,9.9,29.7
402,2023-01-07,11:48,632928,2,12,3.59,43.08
403,2023-01-07,17:48,715819,34,1,14.0,14.0
404,2023-01-07,15:50,842942,35,1,22.0,22.0
405,2023-01-07,09:08,288319,2,15,3.59,53.85
406,2023-01-07,18:27,637894,6,6,4.5,27.0
407,2023-01-07,14:30,516227,32,2,3.0,6.0
408,2023-01-07,08:02,779020,31,2,10.9,21.8
409,2023-01-07,19:23,881336,4,6,7.5,45.0
410,2023-01-07,13:48,428124,4,12,7.5,90.0
411,2023-01-07,11:01,160455,8,3,6.5,19.5
412,2023-01-07,08:40,840390,15,3,4.99,14.97
413,2023-01-07,11:14,766773,23,3,9.9,29.7
414,2023-01-07,13:19,668595,8,3,6.5,19.5
415,2023-01-07,09:24,800496,14,1,16.99,16.99
416,2023-01-07,17:19,459411,31,3,10.9,32.7
417,2023-01-07,08:19,935739,1,6,3.49,20.94
418,2023-01-07,15:46,727382,5,12,5.29,63.48
419,2023-01-07,17:33,20669,31,3,10.9,32.7
420,2023-01-07,14:56,518391,34,2,14.0,28.0
421,2023-01-07,10:21,455805,17,3,29.99,89.97
422,2023-01-07,13:48,856244,18,2,14.99,29.98
423,2023-01-07,20:25,591845,3,6,3.39,20.34
424,2023-01-07,11:14,702835,13,1,19.99,19.99
425,2023-01-07,10:13,877838,18,3,14.99,44.97
426,2023-01-07,17:32,475679,5,8,5.29,42.32
427,2023-01-07,13:45,84349,5,4,5.29,21.16
428,2023-01-07,20:02,810701,8,3,6.5,19.5
429,2023-01-08,10:49,248243,19,3,45.9,137.7
430,2023-01-08,08:38,512643,5,6,5.29,31.74
431,2023-01-08,13:06,669915,7,1,5.9,5.9
432,2023-01-08,08:03,197471,4,6,7.5,45.0
433,2023-01-08,08:26,322002,35,3,22.0,66.0
434,2023-01-08,08:35,738552,22,12,8.9,106.8
435,2023-01-08,11:44,56304,10,2,5.99,11.98
436,2023-01-08,09:44,27939,14,1,16.99,16.99
437,2023-01-08,13:00,819234,36,3,4.5,13.5
438,2023-01-08,13:06,401548,4,6,7.5,45.0
439,2023-01-08,10:39,385191,22,12,8.9,106.8
440,2023-01-08,13:08,446399,17,3,29.99,89.97
441,2023-01-08,08:32,855216,23,2,9.9,19.8
442,2023-01-08,08:18,722502,1,15,3.49,52.35
443,2023-01-08,08:31,760017,34,1,14.0,14.0
444,2023-01-08,12:12,713213,36,1,4.5,4.5
445,2023-01-08,12:12,94632,21,2,21.0,42.0
446,2023-01-08,13:26,252807,30,2,14.9,29.8
447,2023-01-08,09:02,753240,35,2,22.0,44.0
448,2023-01-08,11:58,938218,31,3,10.9,32.7
449,2023-01-08,11:21,437420,4,4,7.5,30.0
450,2023-01-08,08:42,324333,22,6,8.9,53.4
451,2023-01-08,08:53,667594,23,1,9.9,9.9
452,2023-01-08,13:31,255465,12,3,9.99,29.97
453,2023-01-08,08:49,277586,31,1,10.9,10.9
454,2023-01-08,08:46,753240,36,3,4.5,13.5
455,2023-01-08,08:57,330489,35,3,22.0,66.0
456,2023-01-08,13:14,415035,14,2,16.99,33.98
457,2023-01-08,10:16,904816,3,12,3.39,40.68
458,2023-01-08,08:06,341819,37,2,12.9,25.8
459,2023-01-08,08:54,116155,33,1,8.9,8.9
460,2023-01-08,13:20,48016,3,6,3.39,20.34
461,2023-01-08,13:07,649466,35,2,22.0,44.0
462,2023-01-08,08:00,590438,34,1,14.0,14.0
463,2023-01-08,13:41,926451,18,1,14.99,14.99
464,2023-01-08,10:57,908149,22,6,8.9,53.4
465,2023-01-08,12:17,413064,10,2,5.99,11.98
466,2023-01-08,08:23,905154,2,15,3.59,53.85
467,2023-01-08,09:07,295932,7,2,5.9,11.8
468,2023-01-08,11:29,80088,32,2,3.0,6.0
469,2023-01-08,11:44,729987,1,6,3.49,20.94
470,2023-01-08,11:41,419753,7,2,5.9,11.8
471,2023-01-08,08:08,581242,10,1,5.99,5.99
472,2023-01-08,13:03,145534,18,3,14.99,44.97
473,2023-01-08,08:26,931669,35,1,22.0,22.0
474,2023-01-08,11:51,778261,7,3,5.9,17.7
475,2023-01-08,13:28,203182,7,3,5.9,17.7
476,2023-01-08,12:24,997854,31,1,10.9,10.9
477,2023-01-08,12:01,888010,14,2,16.99,33.98
478,2023-01-08,13:57,291740,5,8,5.29,42.32
479,2023-01-08,11:58,286606,14,1,16.99,16.99
480,2023-01-08,11:28,87382,3,12,3.39,40.68
481,2023-01-08,10:41,601987,4,4,7.5,30.0
482,2023-01-08,08:45,319736,16,2,15.99,31.98
483,2023-01-08,12:49,257848,12,3,9.99,29.97
484,2023-01-08,12:46,249739,35,3,22.0,66.0
485,2023-01-08,09:42,756321,8,3,6.5,19.5
486,2023-01-08,12:33,693223,22,15,8.9,133.5
487,2023-01-08,13:39,252807,23,3,9.9,29.7
488,2023-01-08,13:46,699512,1,6,3.49,20.94
489,2023-01-08,11:22,474419,26,1,17.9,17.9
490,2023-01-08,13:24,208334,4,6,7.5,45.0
491,2023-01-08,12:57,742470,37,1,12.9,12.9
492,2023-01-08,08:00,338041,4,12,7.5,90.0
493,2023-01-08,09:32,576363,11,3,10.99,32.97
494,2023-01-08,11:55,92875,2,15,3.59,53.85
495,2023-01-08,08:48,447354,38,1,7.9,7.9
496,2023-01-08,10:15,242034,16,2,15.99,31.98
497,2023-01-08,10:03,569,22,6,8.9,53.4
498,2023-01-08,12:41,860116,2,12,3.59,43.08
499,2023-01-08,11:52,279692,31,2,10.9,21.8
500,2023-01-09,16:51,640195,8,2,6.5,13.0
501,2023-01-09,16:05,812085,34,3,14.0,42.0
502,2023-01-09,16:20,969029,5,8,5.29,42.32
503,2023-01-09,16:47,320185,37,1,12.9,12.9
504,2023-01-09,09:06,651107,32,3,3.0,9.0
505,2023-01-09,09:35,757118,3,12,3.39,40.68
506,2023-01-09,10:50,648270,22,12,8.9,106.8
507,2023-01-09,18:40,364314,37,3,12.9,38.7
508,2023-01-09,17:35,455851,15,2,4.99,9.98
509,2023-01-09,19:29,197215,4,4,7.5,30.0
510,2023-01-09,14:52,475679,15,2,4.99,9.98
511,2023-01-09,12:54,632193,17,1,29.99,29.99
512,2023-01-09,14:35,308515,31,2,10.9,21.8
513,2023-01-09,18:30,537566,31,3,10.9,32.7
514,2023-01-09,19:23,401548,10,3,5.99,17.97
515,2023-01-09,10:06,606217,5,8,5.29,42.32
516,2023-01-09,12:00,823267,24,3,37.99,113.97
517,2023-01-09,14:53,148766,12,2,9.99,19.98
518,2023-01-09,13:35,455161,3,12,3.39,40.68
519,2023-01-09,14:44,502593,35,3,22.0,66.0
520,2023-01-09,09:57,855216,30,1,14.9,14.9
521,2023-01-09,16:08,532280,30,1,14.9,14.9
522,2023-01-09,15:06,330419,33,3,8.9,26.7
523,2023-01-09,18:12,680748,18,2,14.99,29.98
524,2023-01-09,10:59,336653,33,1,8.9,8.9
525,2023-01-09,12:29,753240,16,2,15.99,31.98
526,2023-01-09,12:45,465420,2,15,3.59,53.85
527,2023-01-09,10:48,341968,10,2,5.99,11.98
528,2023-01-09,09:59,763570,16,2,15.99,31.98
529,2023-01-09,19:37,306900,31,3,10.9,32.7
530,2023-01-09,16:29,485804,3,6,3.39,20.34
531,2023-01-09,17:08,57474,3,12,3.39,40.68
532,2023-01-09,09:33,157690,5,12,5.29,63.48
533,2023-01-09,17:59,613110,5,8,5.29,42.32
534,2023-01-10,17:49,451883,4,6,7.5,45.0
535,2023-01-10,18:11,676838,23,1,9.9,9.9
536,2023-01-10,11:06,847438,15,3,4.99,14.97
537,2023-01-10,19:38,911395,7,2,5.9,11.8
538,2023-01-10,14:32,946746,7,3,5.9,17.7
539,2023-01-10,15:38,502780,11,2,10.99,21.98
540,2023-01-10,12:17,377943,31,3,10.9,32.7
541,2023-01-10,14:18,406281,22,6,8.9,53.4
542,2023-01-10,11:08,132915,14,2,16.99,33.98
543,2023-01-10,17:19,776619,2,12,3.59,43.08
544,2023-01-10,17:55,457318,2,15,3.59,53.85
545,2023-01-10,17:40,126610,1,6,3.49,20.94
546,2023-01-10,12:13,738552,37,1,12.9,12.9
547,2023-01-10,13:43,405205,1,12,3.49,41.88
548,2023-01-10,19:08,342105,3,6,3.39,20.34
549,2023-01-10,19:11,294976,6,12,4.5,54.0
550,2023-01-10,17:44,561527,32,3,3.0,9.0
551,2023-01-10,14:45,338400,37,3,12.9,38.7
552,2023-01-10,14:35,728834,32,1,3.0,3.0
553,2023-01-10,18:36,598076,30,2,14.9,29.8
554,2023-01-10,15:43,189030,18,3,14.99,44.97
555,2023-01-10,17:18,745055,2,15,3.59,53.85
556,2023-01-10,09:33,930290,37,2,12.9,25.8
557,2023-01-10,09:24,388528,31,1,10.9,10.9
558,2023-01-10,09:42,388241,24,1,37.99,37.99
559,2023-01-10,12:17,575462,31,1,10.9,10.9
560,2023-01-10,13:43,892247,31,1,10.9,10.9
561,2023-01-10,11:53,444151,24,2,37.99,75.98
562,2023-01-10,13:13,129648,37,1,12.9,12.9
563,2023-01-10,09:22,809076,35,3,22.0,66.0
564,2023-01-10,10:39,918398,24,2,37.99,75.98
565,2023-01-10,17:55,890731,30,3,14.9,44.7
566,2023-01-10,19:35,722325,2,6,3.59,21.54
567,2023-01-10,12:32,387040,27,2,169.9,339.8
568,2023-01-10,13:44,195440,1,15,3.49,52.35
569,2023-01-11,15:26,927657,14,2,16.99,33.98
570,2023-01-11,14:35,454691,38,3,7.9,23.7
571,2023-01-11,13:12,794544,1,6,3.49,20.94
572,2023-01-11,16:53,186836,4,6,7.5,45.0
573,2023-01-11,19:45,467220,9,1,22.9,22.9
574,2023-01-11,19:23,701188,36,3,4.5,13.5
575,2023-01-11,17:47,726163,2,15,3.59,53.85
576,2023-01-11,12:18,680748,1,12,3.49,41.88
577,2023-01-11,19:04,580130,2,12,3.59,43.08
578,2023-01-11,11:47,493348,2,6,3.59,21.54
579,2023-01-11,15:02,17445,1,12,3.49,41.88
580,2023-01-11,13:35,887060,15,2,4.99,9.98
581,2023-01-11,11:37,127907,22,6,8.9,53.4
582,2023-01-11,09:21,337262,6,8,4.5,36.0
583,2023-01-11,11:02,441308,10,2,5.99,11.98
584,2023-01-11,14:38,757333,2,6,3.59,21.54
585,2023-01-11,19:39,891912,7,1,5.9,5.9
586,2023-01-11,13:31,154511,18,3,14.99,44.97
587,2023-01-11,17:22,126610,31,3,10.9,32.7
588,2023-01-11,14:33,551105,1,6,3.49,20.94
589,2023-01-11,11:33,797477,15,1,4.99,4.99
590,2023-01-11,17:10,756153,6,4,4.5,18.0
591,2023-01-11,17:34,175113,34,2,14.0,28.0
592,2023-01-11,10:22,956161,31,2,10.9,21.8
593,2023-01-11,12:42,88716,22,6,8.9,53.4
594,2023-01-11,14:18,429491,6,6,4.5,27.0
595,2023-01-11,18:33,480419,35,1,22.0,22.0
596,2023-01-11,17:52,507762,2,12,3.59,43.08
597,2023-01-11,19:00,856244,3,15,3.39,50.85
598,2023-01-11,19:22,750800,9,1,22.9,22.9
599,2023-01-11,19:39,366346,3,12,3.39,40.68
600,2023-01-11,12:02,335209,36,3,4.5,13.5
601,2023-01-11,14:24,894863,32,3,3.0,9.0
602,2023-01-11,10:24,162730,5,12,5.29,63.48
603,2023-01-11,13:01,557734,22,6,8.9,53.4
604,2023-01-11,14:32,613099,37,3,12.9,38.7
605,2023-01-11,16:31,989696,34,3,14.0,42.0
606,2023-01-12,12:20,711477,34,3,14.0,42.0
607,2023-01-12,10:06,891927,14,3,16.99,50.97
608,2023-01-12,17:34,753790,9,1,22.9,22.9
609,2023-01-12,10:13,668169,6,4,4.5,18.0
610,2023-01-12,19:49,317569,15,3,4.99,14.97
611,2023-01-12,19:27,630134,1,6,3.49,20.94
612,2023-01-12,12:34,436476,34,1,14.0,14.0
613,2023-01-12,15:41,209159,1,15,3.49,52.35
614,2023-01-12,10:47,332386,6,8,4.5,36.0
615,2023-01-12,11:01,56964,36,3,4.5,13.5
616,2023-01-12,14:02,888010,31,2,10.9,21.8
617,2023-01-12,09:11,683618,6,4,4.5,18.0
618,2023-01-12,17:04,353777,5,8,5.29,42.32
619,2023-01-12,12:58,250067,1,12,3.49,41.88
620,2023-01-12,15:24,974130,30,2,14.9,29.8
621,2023-01-12,15:27,233164,2,12,3.59,43.08
622,2023-01-12,09:24,213181,18,2,14.99,29.98
623,2023-01-12,10:34,657724,37,3,12.9,38.7
624,2023-01-12,18:04,497638,3,6,3.39,20.34
625,2023-01-12,18:02,278104,34,3,14.0,42.0
626,2023-01-12,10:22,338270,38,3,7.9,23.7
627,2023-01-12,10:18,175730,2,24,3.59,86.16
628,2023-01-12,13:38,994992,34,3,14.0,42.0
629,2023-01-12,13:48,519886,17,1,29.99,29.99
630,2023-01-12,15:25,725397,35,2,22.0,44.0
631,2023-01-12,09:30,250365,22,15,8.9,133.5
632,2023-01-12,17:14,983714,26,1,17.9,17.9
633,2023-01-12,15:50,7706,19,1,45.9,45.9
634,2023-01-12,13:40,855216,34,3,14.0,42.0
635,2023-01-12,13:43,670879,31,1,10.9,10.9
636,2023-01-12,19:23,2864,18,3,14.99,44.97
637,2023-01-12,17:55,567851,34,1,14.0,14.0
638,2023-01-13,09:36,41094,5,4,5.29,21.16
639,2023-01-13,15:34,233067,23,3,9.9,29.7
640,2023-01-13,10:19,621109,18,3,14.99,44.97
641,2023-01-13,14:13,444151,32,1,3.0,3.0
642,2023-01-13,19:54,230374,3,12,3.39,40.68
643,2023-01-13,11:10,516227,31,3,10.9,32.7
644,2023-01-13,12:39,176718,19,1,45.9,45.9
645,2023-01-13,12:07,330489,37,2,12.9,25.8
646,2023-01-13,19:51,44832,7,1,5.9,5.9
647,2023-01-13,09:54,612454,23,3,9.9,29.7
648,2023-01-13,16:41,25317,36,3,4.5,13.5
649,2023-01-13,13:42,966938,3,12,3.39,40.68
650,2023-01-13,13:06,259947,36,1,4.5,4.5
651,2023-01-13,18:31,962816,30,1,14.9,14.9
652,2023-01-13,14:08,643687,2,24,3.59,86.16
653,2023-01-13,12:06,316950,6,6,4.5,27.0
654,2023-01-13,18:04,138272,31,2,10.9,21.8
655,2023-01-13,14:31,908678,2,24,3.59,86.16
656,2023-01-13,18:42,358038,22,12,8.9,106.8
657,2023-01-13,18:09,165855,7,2,5.9,11.8
658,2023-01-13,18:23,408654,23,3,9.9,29.7
659,2023-01-13,15:10,569,2,15,3.59,53.85
660,2023-01-13,14:15,150606,34,1,14.0,14.0
661,2023-01-13,19:27,521852,37,1,12.9,12.9
662,2023-01-13,14:08,994880,37,2,12.9,25.8
663,2023-01-13,14:56,215378,31,3,10.9,32.7
664,2023-01-13,16:22,484795,3,12,3.39,40.68
665,2023-01-13,16:35,847954,31,2,10.9,21.8
666,2023-01-13,19:38,425373,1,6,3.49,20.94
667,2023-01-13,13:54,726163,1,6,3.49,20.94
668,2023-01-13,17:12,990632,6,8,4.5,36.0
669,2023-01-13,19:04,987842,15,2,4.99,9.98
670,2023-01-13,10:57,238633,32,3,3.0,9.0
671,2023-01-13,17:40,393246,30,1,14.9,14.9
672,2023-01-13,18:37,548102,13,1,19.99,19.99
673,2023-01-13,18:13,654280,6,6,4.5,27.0
674,2023-01-14,12:34,908429,14,3,16.99,50.97
675,2023-01-14,15:41,46573,18,3,14.99,44.97
676,2023-01-14,13:25,87382,1,15,3.49,52.35
677,2023-01-14,20:37,251286,32,1,3.0,3.0
678,2023-01-14,12:08,383474,6,8,4.5,36.0
679,2023-01-14,16:32,499292,35,2,22.0,44.0
680,2023-01-14,14:23,640907,37,1,12.9,12.9
681,2023-01-14,18:15,519829,4,6,7.5,45.0
682,2023-01-14,18:10,126550,14,3,16.99,50.97
683,2023-01-14,10:28,293366,1,15,3.49,52.35
684,2023-01-14,17:36,128090,22,6,8.9,53.4
685,2023-01-14,10:47,532139,23,3,9.9,29.7
686,2023-01-14,13:02,146566,5,8,5.29,42.32
687,2023-01-14,20:31,710830,21,1,21.0,21.0
688,2023-01-14,12:23,270157,5,4,5.29,21.16
689,2023-01-14,18:13,874851,4,4,7.5,30.0
690,2023-01-14,20:23,668595,24,3,37.99,113.97
691,2023-01-14,15:56,244296,6,6,4.5,27.0
692,2023-01-14,18:20,53872,22,6,8.9,53.4
693,2023-01-14,19:33,646195,13,1,19.99,19.99
694,2023-01-14,12:53,392367,37,3,12.9,38.7
695,2023-01-14,17:34,280448,4,8,7.5,60.0
696,2023-01-14,10:24,796924,15,3,4.99,14.97
697,2023-01-14,14:23,249017,29,3,89.9,269.7
698,2023-01-14,18:57,722502,10,3,5.99,17.97
699,2023-01-14,16:16,851755,37,1,12.9,12.9
700,2023-01-14,11:33,858835,31,2,10.9,21.8
701,2023-01-14,13:52,31566,25,2,24.9,49.8
702,2023-01-14,15:50,446853,31,2,10.9,21.8
703,2023-01-14,17:00,931895,36,2,4.5,9.0
704,2023-01-14,10:28,431939,35,3,22.0,66.0
705,2023-01-14,11:04,656477,31,1,10.9,10.9
706,2023-01-14,18:17,329384,31,3,10.9,32.7
707,2023-01-14,10:10,506779,3,6,3.39,20.34
708,2023-01-14,19:52,154785,3,6,3.39,20.34
709,2023-01-14,11:26,239025,22,6,8.9,53.4
710,2023-01-14,19:07,55432,1,15,3.49,52.35
711,2023-01-14,18:30,436201,15,2,4.99,9.98
712,2023-01-14,17:10,870790,4,6,7.5,45.0
713,2023-01-14,14:01,708094,7,3,5.9,17.7
714,2023-01-14,08:08,346290,32,1,3.0,3.0
715,2023-01-14,17:10,668568,36,3,4.5,13.5
716,2023-01-14,16:02,294795,2,6,3.59,21.54
717,2023-01-14,10:03,446383,18,3,14.99,44.97
718,2023-01-14,12:59,602891,34,1,14.0,14.0
719,2023-01-14,14:38,885066,2,6,3.59,21.54
720,2023-01-14,18:01,43802,33,3,8.9,26.7
721,2023-01-14,19:42,295590,8,3,6.5,19.5
722,2023-01-14,09:13,857684,6,8,4.5,36.0
723,2023-01-14,17:30,558582,37,2,12.9,25.8
724,2023-01-14,10:14,621109,4,8,7.5,60.0
725,2023-01-14,17:09,817376,30,2,14.9,29.8
726,2023-01-14,20:11,626205,33,3,8.9,26.7
727,2023-01-14,16:16,755111,1,12,3.49,41.88
728,2023-01-14,19:43,370903,27,1,169.9,169.9
729,2023-01-14,15:38,643095,36,2,4.5,9.0
730,2023-01-14,11:24,475244,3,12,3.39,40.68
731,2023-01-14,10:06,648270,34,2,14.0,28.0
732,2023-01-14,16:55,421769,22,6,8.9,53.4
733,2023-01-14,18:26,676838,23,3,9.9,29.7
734,2023-01-14,17:06,368883,23,1,9.9,9.9
735,2023-01-14,17:38,912708,6,4,4.5,18.0
736,2023-01-14,20:34,415487,36,1,4.5,4.5
737,2023-01-14,20:07,994261,36,3,4.5,13.5
738,2023-01-14,15:42,535482,23,1,9.9,9.9
739,2023-01-14,17:34,508623,32,1,3.0,3.0
740,2023-01-14,20:43,330499,23,1,9.9,9.9
741,2023-01-14,14:33,143857,15,3,4.99,14.97
742,2023-01-14,13:55,139297,26,2,17.9,35.8
743,2023-01-14,19:33,634463,20,1,24.0,24.0
744,2023-01-14,20:30,586625,22,12,8.9,106.8
745,2023-01-14,13:37,399947,32,2,3.0,6.0
746,2023-01-14,20:53,172620,15,3,4.99,14.97
747,2023-01-14,09:27,191912,1,12,3.49,41.88
748,2023-01-14,15:49,220290,4,4,7.5,30.0
749,2023-01-14,09:18,417326,13,1,19.99,19.99
750,2023-01-14,16:26,463518,31,3,10.9,32.7
751,2023-01-14,08:45,23572,22,6,8.9,53.4
752,2023-01-14,20:00,783300,24,3,37.99,113.97
753,2023-01-14,16:07,729578,15,3,4.99,14.97
754,2023-01-14,08:24,590579,23,3,9.9,29.7
755,2023-01-14,19:51,21722,6,6,4.5,27.0
756,2023-01-14,14:23,969395,15,2,4.99,9.98
757,2023-01-14,10:27,203182,31,1,10.9,10.9
758,2023-01-14,17:16,682248,34,3,14.0,42.0
759,2023-01-14,16:27,287150,13,2,19.99,39.98
760,2023-01-14,17:17,459564,1,12,3.49,41.88
761,2023-01-14,14:48,166309,4,12,7.5,90.0
762,2023-01-14,16:50,796924,1,6,3.49,20.94
763,2023-01-14,15:11,308433,25,3,24.9,74.7
764,2023-01-14,16:35,259947,7,2,5.9,11.8
765,2023-01-14,12:19,156911,19,2,45.9,91.8
766,2023-01-14,13:49,710830,16,3,15.99,47.97
767,2023-01-14,19:08,733417,2,15,3.59,53.85
768,2023-01-14,09:47,943687,10,3,5.99,17.97
769,2023-01-14,20:44,712437,5,4,5.29,21.16
770,2023-01-14,09:13,344107,11,1,10.99,10.99
771,2023-01-14,20:21,121500,4,6,7.5,45.0
772,2023-01-14,17:44,818871,33,3,8.9,26.7
773,2023-01-14,08:10,315568,4,6,7.5,45.0
774,2023-01-14,18:00,91208,37,2,12.9,25.8
775,2023-01-14,10:30,237580,11,1,10.99,10.99
776,2023-01-14,14:05,475755,33,3,8.9,26.7
777,2023-01-14,12:14,219899,23,1,9.9,9.9
778,2023-01-14,09:38,137606,31,2,10.9,21.8
779,2023-01-14,19:24,79802,32,1,3.0,3.0
780,2023-01-14,17:41,988977,16,2,15.99,31.98
781,2023-01-14,12:45,288812,19,3,45.9,137.7
782,2023-01-14,08:49,109940,17,3,29.99,89.97
783,2023-01-14,18:31,401320,22,15,8.9,133.5
784,2023-01-14,11:54,632677,1,12,3.49,41.88
785,2023-01-14,20:33,920029,10,3,5.99,17.97
786,2023-01-14,11:02,330499,23,2,9.9,19.8
787,2023-01-14,16:33,554943,22,15,8.9,133.5
788,2023-01-14,11:39,825981,32,3,3.0,9.0
789,2023-01-14,18:02,666876,25,1,24.9,24.9
790,2023-01-14,11:41,36211,38,2,7.9,15.8
791,2023-01-14,10:05,33326,6,4,4.5,18.0
792,2023-01-14,20:25,161652,8,2,6.5,13.0
793,2023-01-14,18:25,969542,9,2,22.9,45.8
794,2023-01-14,17:12,368959,15,2,4.99,9.98
795,2023-01-14,08:47,519071,33,3,8.9,26.7
796,2023-01-14,09:35,301828,5,8,5.29,42.32
797,2023-01-14,19:53,469966,32,2,3.0,6.0
798,2023-01-14,17:22,871889,10,3,5.99,17.97
799,2023-01-14,12:14,914774,22,6,8.9,53.4
800,2023-01-14,11:29,248243,23,3,9.9,29.7
801,2023-01-14,17:00,165409,8,2,6.5,13.0
802,2023-01-14,10:26,413711,17,2,29.99,59.98
803,2023-01-14,09:35,37480,11,3,10.99,32.97
804,2023-01-14,12:21,344094,2,6,3.59,21.54
805,2023-01-14,20:32,632193,13,1,19.99,19.99
806,2023-01-14,16:52,202312,3,24,3.39,81.36
807,2023-01-14,12:44,434166,10,3,5.99,17.97
808,2023-01-14,14:36,827289,22,12,8.9,106.8
809,2023-01-14,11:48,364314,22,12,8.9,106.8
810,2023-01-14,20:29,842167,26,2,17.9,35.8
811,2023-01-14,17:55,292582,2,12,3.59,43.08
812,2023-01-14,15:07,116260,24,1,37.99,37.99
813,2023-01-14,14:40,124074,6,4,4.5,18.0
814,2023-01-14,18:44,920390,10,1,5.99,5.99
815,2023-01-14,20:20,186198,34,1,14.0,14.0
816,2023-01-14,13:33,33659,1,12,3.49,41.88
817,2023-01-14,19:53,295536,22,12,8.9,106.8
818,2023-01-14,12:05,526759,22,6,8.9,53.4
819,2023-01-14,18:47,360944,10,2,5.99,11.98
820,2023-01-14,09:35,773701,5,8,5.29,42.32
821,2023-01-14,15:20,344492,5,12,5.29,63.48
822,2023-01-14,11:57,407652,34,2,14.0,28.0
823,2023-01-14,12:11,127980,13,3,19.99,59.97
824,2023-01-14,18:59,588098,6,12,4.5,54.0
825,2023-01-14,15:47,867359,14,1,16.99,16.99
826,2023-01-14,11:47,16350,26,1,17.9,17.9
827,2023-01-14,12:13,133470,3,6,3.39,20.34
828,2023-01-14,11:53,162246,14,1,16.99,16.99
829,2023-01-14,17:22,319736,22,6,8.9,53.4
830,2023-01-14,20:06,558540,36,1,4.5,4.5
831,2023-01-14,09:43,289175,5,4,5.29,21.16
832,2023-01-14,15:39,389439,8,3,6.5,19.5
833,2023-01-14,20:54,188052,8,1,6.5,6.5
834,2023-01-14,08:54,648314,23,3,9.9,29.7
835,2023-01-14,13:39,301967,7,2,5.9,11.8
836,2023-01-14,15:57,961821,18,2,14.99,29.98
837,2023-01-14,12:31,460623,32,3,3.0,9.0
838,2023-01-14,20:58,506957,31,1,10.9,10.9
839,2023-01-14,12:25,429491,13,3,19.99,59.97
840,2023-01-14,20:36,446399,34,1,14.0,14.0
841,2023-01-14,08:33,648213,21,1,21.0,21.0
842,2023-01-14,15:34,331862,18,2,14.99,29.98
843,2023-01-14,13:25,954884,1,6,3.49,20.94
844,2023-01-14,20:11,899474,37,3,12.9,38.7
845,2023-01-14,09:44,622774,3,12,3.39,40.68
846,2023-01-14,13:44,809076,5,6,5.29,31.74
847,2023-01-14,18:13,413583,2,6,3.59,21.54
848,2023-01-14,17:06,941992,24,2,37.99,75.98
849,2023-01-14,17:55,671109,5,6,5.29,31.74
850,2023-01-14,16:16,987324,4,4,7.5,30.0
851,2023-01-14,15:39,328712,2,6,3.59,21.54
852,2023-01-14,10:31,596236,3,6,3.39,20.34
853,2023-01-14,14:44,56964,22,12,8.9,106.8
854,2023-01-14,13:54,125017,30,2,14.9,29.8
855,2023-01-14,12:28,16350,10,2,5.99,11.98
856,2023-01-14,17:08,197083,15,1,4.99,4.99
857,2023-01-14,18:14,303726,30,3,14.9,44.7
858,2023-01-14,19:17,346228,1,15,3.49,52.35
859,2023-01-14,16:27,757830,6,8,4.5,36.0
860,2023-01-14,11:09,160952,37,2,12.9,25.8
861,2023-01-14,19:09,165409,22,15,8.9,133.5
862,2023-01-14,08:11,259870,5,6,5.29,31.74
863,2023-01-14,15:08,81114,18,2,14.99,29.98
864,2023-01-15,12:34,475679,34,3,14.0,42.0
865,2023-01-15,11:19,888272,4,8,7.5,60.0
866,2023-01-15,12:03,997854,6,4,4.5,18.0
867,2023-01-15,13:10,678120,5,6,5.29,31.74
868,2023-01-15,09:52,743760,7,1,5.9,5.9
869,2023-01-15,13:06,725397,2,6,3.59,21.54
870,2023-01-15,13:21,994880,18,2,14.99,29.98
871,2023-01-15,10:35,807918,2,6,3.59,21.54
872,2023-01-15,10:22,306900,32,3,3.0,9.0
873,2023-01-15,08:22,386649,5,4,5.29,21.16
874,2023-01-15,12:12,84349,18,3,14.99,44.97
875,2023-01-15,12:41,8902,34,3,14.0,42.0
876,2023-01-15,12:11,910145,24,3,37.99,113.97
877,2023-01-15,10:20,591979,18,2,14.99,29.98
878,2023-01-15,11:49,475244,6,6,4.5,27.0
879,2023-01-15,11:56,209144,7,3,5.9,17.7
880,2023-01-15,11:39,894618,26,1,17.9,17.9
881,2023-01-15,11:40,914191,38,2,7.9,15.8
882,2023-01-15,09:40,912107,26,1,17.9,17.9
883,2023-01-15,11:40,214161,21,2,21.0,42.0
884,2023-01-15,12:25,109940,31,3,10.9,32.7
885,2023-01-15,08:10,476849,15,1,4.99,4.99
886,2023-01-15,10:20,16350,2,6,3.59,21.54
887,2023-01-15,10:45,902723,21,3,21.0,63.0
888,2023-01-15,12:41,588678,36,2,4.5,9.0
889,2023-01-15,11:49,476086,4,6,7.5,45.0
890,2023-01-15,13:37,253814,30,2,14.9,29.8
891,2023-01-15,11:26,385792,4,6,7.5,45.0
892,2023-01-15,09:54,36211,18,1,14.99,14.99
893,2023-01-15,13:15,108919,3,6,3.39,20.34
894,2023-01-15,10:47,71725,14,3,16.99,50.97
895,2023-01-15,13:05,768170,31,3,10.9,32.7
896,2023-01-15,09:25,183601,7,1,5.9,5.9
897,2023-01-15,08:04,969395,26,1,17.9,17.9
898,2023-01-15,12:03,495002,32,2,3.0,6.0
899,2023-01-15,11:33,990632,36,1,4.5,4.5
900,2023-01-15,08:06,353133,5,8,5.29,42.32
901,2023-01-15,12:09,478482,10,2,5.99,11.98
902,2023-01-15,11:19,848027,4,4,7.5,30.0
903,2023-01-15,09:47,122451,38,1,7.9,7.9
904,2023-01-15,11:40,12800,36,2,4.5,9.0
905,2023-01-15,09:33,844919,18,1,14.99,14.99
906,2023-01-15,08:02,604349,33,1,8.9,8.9
907,2023-01-15,10:55,162293,18,3,14.99,44.97
908,2023-01-15,11:29,930383,23,2,9.9,19.8
909,2023-01-15,12:59,307648,2,24,3.59,86.16
910,2023-01-15,12:28,66761,31,2,10.9,21.8
911,2023-01-15,13:34,78501,3,6,3.39,20.34
912,2023-01-15,12:38,805812,33,1,8.9,8.9
913,2023-01-15,13:47,181287,32,2,3.0,6.0
914,2023-01-15,12:27,970457,31,3,10.9,32.7
915,2023-01-15,13:34,148766,1,12,3.49,41.88
916,2023-01-15,10:30,295528,6,6,4.5,27.0
917,2023-01-15,08:28,920029,5,6,5.29,31.74
918,2023-01-15,10:26,850916,8,2,6.5,13.0
919,2023-01-15,10:00,772882,2,6,3.59,21.54
920,2023-01-15,12:52,486961,36,1,4.5,4.5
921,2023-01-15,10:18,461101,21,1,21.0,21.0
922,2023-01-15,08:44,599083,6,6,4.5,27.0
923,2023-01-15,11:19,959587,10,2,5.99,11.98
924,2023-01-15,11:51,929552,13,1,19.99,19.99
925,2023-01-15,09:50,982434,22,6,8.9,53.4
926,2023-01-15,12:23,614807,17,1,29.99,29.99
927,2023-01-15,11:56,589729,35,1,22.0,22.0
928,2023-01-15,11:25,729283,16,3,15.99,47.97
929,2023-01-15,09:45,70537,38,1,7.9,7.9
930,2023-01-15,13:24,70537,33,3,8.9,26.7
931,2023-01-15,09:16,637894,4,8,7.5,60.0
932,2023-01-15,11:40,919035,36,1,4.5,4.5
933,2023-01-15,12:51,880152,3,6,3.39,20.34
934,2023-01-15,13:17,710587,33,3,8.9,26.7
935,2023-01-15,13:47,207661,9,2,22.9,45.8
936,2023-01-15,10:26,231069,34,3,14.0,42.0
937,2023-01-15,08:11,208498,34,1,14.0,14.0
938,2023-01-15,10:07,733621,32,1,3.0,3.0
939,2023-01-15,11:39,711477,32,3,3.0,9.0
940,2023-01-15,13:39,430309,6,6,4.5,27.0
941,2023-01-15,10:01,81114,2,12,3.59,43.08
942,2023-01-15,08:34,208498,10,1,5.99,5.99
943,2023-01-15,08:18,546699,4,4,7.5,30.0
944,2023-01-16,09:14,490061,5,8,5.29,42.32
945,2023-01-16,09:31,779020,3,6,3.39,20.34
946,2023-01-16,14:26,766634,12,1,9.99,9.99
947,2023-01-16,16:23,301286,32,2,3.0,6.0
948,2023-01-16,09:21,237580,22,12,8.9,106.8
949,2023-01-16,11:03,818871,29,1,89.9,89.9
950,2023-01-16,15:04,431690,4,4,7.5,30.0
951,2023-01-16,16:11,514416,23,3,9.9,29.7
952,2023-01-16,13:52,634031,6,4,4.5,18.0
953,2023-01-16,09:07,582144,33,2,8.9,17.8
954,2023-01-16,12:24,971733,23,3,9.9,29.7
955,2023-01-16,16:15,117096,4,8,7.5,60.0
956,2023-01-16,09:12,416611,2,15,3.59,53.85
957,2023-01-16,10:33,277586,1,12,3.49,41.88
958,2023-01-16,12:30,614807,8,3,6.5,19.5
959,2023-01-16,13:59,800011,5,6,5.29,31.74
960,2023-01-16,11:40,893209,24,2,37.99,75.98
961,2023-01-16,09:47,719796,16,3,15.99,47.97
962,2023-01-16,17:07,26941,5,12,5.29,63.48
963,2023-01-16,19:19,920538,4,4,7.5,30.0
964,2023-01-16,09:55,258064,3,6,3.39,20.34
965,2023-01-16,12:07,736833,34,3,14.0,42.0
966,2023-01-16,15:20,906304,5,4,5.29,21.16
967,2023-01-16,11:50,258494,24,1,37.99,37.99
968,2023-01-16,18:07,930383,32,2,3.0,6.0
969,2023-01-16,12:00,375691,23,2,9.9,19.8
970,2023-01-16,18:50,209776,34,1,14.0,14.0
971,2023-01-16,16:44,4324,9,3,22.9,68.7
972,2023-01-16,11:23,673045,36,3,4.5,13.5
973,2023-01-16,12:10,345326,3,15,3.39,50.85
974,2023-01-16,19:39,185715,3,12,3.39,40.68
975,2023-01-16,19:03,464687,25,2,24.9,49.8
976,2023-01-16,14:41,328192,36,1,4.5,4.5
977,2023-01-16,17:50,371958,32,1,3.0,3.0
978,2023-01-17,12:20,194969,20,2,24.0,48.0
979,2023-01-17,19:48,920387,33,3,8.9,26.7
980,2023-01-17,16:46,720480,2,6,3.59,21.54
981,2023-01-17,09:44,884293,12,1,9.99,9.99
982,2023-01-17,11:16,857074,2,6,3.59,21.54
983,2023-01-17,16:45,91200,17,1,29.99,29.99
984,2023-01-17,17:18,791434,34,2,14.0,28.0
985,2023-01-17,16:12,203352,32,3,3.0,9.0
986,2023-01-17,17:22,444151,5,6,5.29,31.74
987,2023-01-17,16:17,727968,37,2,12.9,25.8
988,2023-01-17,17:10,670879,26,3,17.9,53.7
989,2023-01-17,11:28,83950,1,6,3.49,20.94
990,2023-01-17,13:34,300769,5,4,5.29,21.16
991,2023-01-17,09:49,626979,5,6,5.29,31.74
992,2023-01-17,15:46,227216,2,12,3.59,43.08
993,2023-01-17,09:39,37581,37,1,12.9,12.9
994,2023-01-17,18:15,215154,15,2,4.99,9.98
995,2023-01-17,10:42,740385,34,2,14.0,28.0
996,2023-01-17,15:12,282831,6,12,4.5,54.0
997,2023-01-17,16:49,279503,3,12,3.39,40.68
998,2023-01-17,11:39,412151,15,3,4.99,14.97
999,2023-01-17,15:41,266431,3,6,3.39,20.34
1000,2023-01-17,10:06,506957,15,2,4.99,9.98
